üß™ Name,üè∑Ô∏è  Tags,‚≠ê  Benefits,üìÑ  Protocols,‚úÖ Good With,‚ùå  Not Good With,‚è≥  Half-Life,üìù  Notes,üòµ‚Äçüí´  Side Effects
5-amino-1MQ,"Muscles, Weight Loss, Immune system","‚Ä¢ Assists with weight loss
‚Ä¢ Helps with muscle preservation
‚Ä¢ Body recomposition agent
‚Ä¢ Lowers cholesterol levels
‚Ä¢ Fights inflammation
‚Ä¢ Enhances aged muscle regeneration ","Treatment length: 20-30 days followed by 1-2 weeks off
Oral:
‚Ä¢ 50-150 mg daily with food (Jay Campbell)
‚Ä¢ 150 mg daily, 30 minutes after taking NAD+ (Tailor Made Compounding Catalog)",NAD+,,,LINK,"‚Ä¢ Difficulty sleeping
‚Ä¢ Difficulty participating in exercise"
AOD-9604,"Weight Loss, Healing","‚Ä¢ Used for weight loss
‚Ä¢ Is believed to help reduce body fat and to help preventing new fat growth thus improving the body composition
‚Ä¢ Fat burner
‚Ä¢ Stimulates cartilage growth and repair, which makes it a potential treatment for osteoarthritis","Treatment length: 
Most popular is cycling 20 days on, 10 days off for up to 6 months
SQ: 
‚Ä¢ 300 mcg in the morning while fasted (Tailor Made Compounding Catalog, Jay Campbell)
‚Ä¢ 250 mcg twice a day at morning (while fasted) and bedtime (1-4 hours after meal) (Dr. Seeds)
Oral: 
‚Ä¢ Dissolve 500 mcg troche under tongue in the morning","Tirzepatide, Semaglutide, Retatrutide",,4 minutes,"LINK
AOD stands for Anti Obesity Drug
‚Ä¢ Modified form of Frag 176-191
‚Ä¢ May need a month for the effects to kick in
‚Ä¢ Use for minimum of 3 months
‚Ä¢ Some think it‚Äôs not cost-effective given how long it takes to see the results
‚Ä¢ Recently all major vendors started having issue with AOD turning into jelly. Some solce it by adding more BAC water, some throw away the via","‚Ä¢ Diarrhea
‚Ä¢ Flatulence
‚Ä¢ Increased appetite
‚Ä¢ Mild or moderate headache
‚Ä¢ Nausea"
ARA 290,"Healing, Immune system, Cognitive function","‚Ä¢ Promotes tissue repair
‚Ä¢ Relieves neuropathic pain
‚Ä¢ Fights diabetes 
‚Ä¢ Boosts immune function ","Treatment length: 4-5 weeks
SQ:
‚Ä¢ 1-5 mg daily (Muscle + Brawn)",,,,"LINK
‚Ä¢ Soluble in alkaline solutions. May appear cloudy when it‚Äôs mixed with BAC water ","‚Ä¢ Elevated blood pressure
‚Ä¢ Fast heart rate
‚Ä¢ Liver enzyme elevation
‚Ä¢ Nausea/vomiting"
Argireline,Skin,"‚Ä¢ Skin anti-age benefits
‚Ä¢ Extends the effect of anti-wrinkle injections",,Snap-8,,,LINK,"‚Ä¢ Dry, flaky skin
‚Ä¢ Redness
‚Ä¢ Stinging sensation"
BPC-157,"Healing, Immune system, Pain, Focus, Bones","‚Ä¢ Wound healing, soft tissue injury recovery, reduce inflammation
‚Ä¢ Bone, joint, tendons and ligaments health
‚Ä¢ GI health (helps with gastric ulcers)
‚Ä¢ Normalizing blood pressure
‚Ä¢ Strengthens the immune system
‚Ä¢ Positively impacts mood, behavior, and cognitive health
‚Ä¢ Exhibits potential anti-cancer properties
‚Ä¢ Stimulates formation of new blood vessels
‚Ä¢ Helps with the scar tissue formation","Treatment length: Not for long term
30 days (Tailor Made Compounding Catalog)
8 weeks, followed by a 2-week rest. Can repeat another cycle if needed (World of Peptides)
SQ: 
‚Ä¢ Start slow with 100 mcg daily
‚Ä¢ 300 mcg daily (Tailor Made Compounding Catalog)
‚Ä¢ 250 mcg twice a day (reports from Discord and Reddit)
‚Ä¢ 200-300 mcg twice a day at the location of pain/injury (Metabolic Optimization Guide)
Oral: 
‚Ä¢ 500 mcg capsules twice a day
IM: 
‚Ä¢ 150 mcg twice a day at the location of pain/injury (World of Peptides)","GHK-CU, TB-500, Thymosin Beta-4",,4 hours,"LINK
‚Ä¢ BPC stand for Body Protective Compound","‚Ä¢ Changes in blood pressure
‚Ä¢ Changes in heart rhythm
‚Ä¢ Dizziness
‚Ä¢ Fatigue
‚Ä¢ Hot flashes
‚Ä¢ Nausea and vomiting
‚Ä¢ Can affect mood if taking with SSRI
‚Ä¢ Discontinue if causes depression or anxiety symptoms"
CJC-1295,"Muscles, Bones, Cognitive function, Energy, Healing, Immune system, Longevity, Sleep","‚Ä¢ Increases muscle mass and strength
‚Ä¢ Improves bone density
‚Ä¢ Increases lean mass
‚Ä¢ Increases overall energy and well-being
‚Ä¢ Used for burns or significant soft-tissue injury, post surgery
‚Ä¢ Improves sleep quality
‚Ä¢ Improves cognitive function","Treatment length: 30 days
Wait 2-3 hours after eating, and don‚Äôt eat for another 30 minutes after injection

CJC-1295 DAC
SQ:
‚Ä¢ 100 mcg twice a week (Dr. Seeds)

CJC-1295 no DAC
SQ:
‚Ä¢ 200 mcg nightly (5 nights on, 2 nights off) (Tailor Made Compounding Catalog)

CJC-1295 no DAC is often stacked with Ipamorelin:
SQ:
‚Ä¢ 200mcg/200mcg nightly (5 nights on, 2 nights off) (Tailor Made Compounding Catalog)
Dr. Seeds claims that 100mcg/100mcg is more cost-effective and higher dose is only marginally better.","Ibutamoren (MK-677), Ipamorelin","Sermorelin, Tesamorelin","‚Ä¢ CJC-1295 no DAC: 30 minutes
‚Ä¢ CJC-1295 DAC: 6-8 days","LINK
‚Ä¢ Also known as MOD GRF (1-29)
‚Ä¢ Human growth hormone-releasing hormone (GHRH). GHRH should be paired with CHRP, as it increases the GHRP effect and you can use a lower dose
‚Ä¢ CJC-1295 no DAC has shorter half-life, so more frequent injections are needed
‚Ä¢ CJC-1295 DAC has longer half-life, so fewer injections are needed","‚Ä¢ Water retention
‚Ä¢ Tingling
‚Ä¢ Numbness and decreased insulin 
‚Ä¢ Tiredness, feeling of lethargy
‚Ä¢ Head rush or euphoria
‚Ä¢ Itching"
Dihexa,"Longevity, Cognitive function","‚Ä¢ Combats Parkinson‚Äôs and Alzheimer‚Äôs disease
‚Ä¢ Improves learning and memory retention 
‚Ä¢ Improves stroke recovery 
‚Ä¢ Accelerates recovery from spinal cord injury and nerve damage
‚Ä¢ Protects against hearing loss","Topical:
‚Ä¢ 20 mg/ml twice a day (Dr. Seeds)
‚Ä¢ 8-45 mg daily (Jay Campbell)
‚Ä¢ 10-20 mg to inner forearms daily, rub in
until absorbed (Tailor Made Compounding Catalog)

Oral:
‚Ä¢ 1-2 mg daily (Tailor Made Compounding Catalog)","Cerebrolysin, Selank, Semax",,,LINK,"‚Ä¢ Anxiety
‚Ä¢ Change of taste
‚Ä¢ Insomnia
‚Ä¢ Irritability
‚Ä¢ Mood swings
‚Ä¢ Nausea"
DSIP,Sleep,"‚Ä¢ Improves Sleep Quality 
‚Ä¢ Reduces Chronic Pain 
‚Ä¢ Fights Stress 
‚Ä¢ Boosts Brain Power 
‚Ä¢ Treats Depression 
‚Ä¢ Lowers the Risk of Heart Disease
‚Ä¢ Lowers Blood Pressure 
‚Ä¢ Prevents Cancer and Reduces the Side Effects of Chemotherapy
‚Ä¢ Treats Symptoms of Diabetes
‚Ä¢ Provides Support for Alcohol and Drug Withdrawal ","SQ:
‚Ä¢ 100 mcg three hours before bedtime (Dr. Seeds, Peptide Therapy)
‚Ä¢ 250 mcg (some may need up to 450 mcg) at least two hours before bedtime (World of Peptides)
‚Ä¢ Can be given daily, every 3 days, weekly",,,7-8 minutes,"LINK
‚Ä¢ Delta Sleep-Inducing Peptide
","‚Ä¢ Headache
‚Ä¢ Hypotension (low blood pressure)
‚Ä¢ Vagal reactions (dizziness, ringing ears, and sweating)
‚Ä¢ Vomiting"
"Epitalon (Epithalon, Epithalamin)",Longevity,"‚Ä¢ Slows down aging
‚Ä¢ Suppresses tumor development
‚Ä¢ Stimulates melatonin production, helping to regulate sleep cycles
‚Ä¢ Prevents cardiovascular disease
‚Ä¢ Boosts brain health
‚Ä¢ Improves eye health
‚Ä¢ Boosts immunity
‚Ä¢ Treats symptoms of diabetes","Note: There was a mistranslation between Epithalon and Epithalamin. Epithalamin is an extract of Epithalon and is less concentrated. 
The original studies in Russia and Ukraine actually used Epithalamin, that is why the dose is 10 mg. 
The equal Epithalon dose is 100 mcg. 

The protocols below are adjusted accordingly. 10 mg of Epithalamin = 100 mcg of Epithalon.
IM or SQ:
‚Ä¢ 100 mcg daily for 10 days done twice a year (total of 100 mg) (Dr. Seeds)
‚Ä¢ 100 mcg every third day until you reach 50 mg total (The Ukrainian Protocol, original study by the Ukraine Academy Medical Sciences) 
‚Ä¢ 100 mcg every 3 days for 15 days (Tailor Made Compounding Catalog)
‚Ä¢ 100 mcg three times a week for 3 weeks done once a year (The Ukrainian Protocol, original study by the Ukraine Academy Medical Sciences) 

Epithalon is often stacked with Thymalin:
IM (some do SQ):
‚Ä¢ 5 mg thymalin and 5 mg epithalamine daily for 20 days, repeating every 6 months (Jay Campbell)",Thymalin (Thymogen),,,"LINK
‚Ä¢ There exists a mistranslation between Epithalon and Epithalamin
‚Ä¢ Epithalamin is an extract of Epitalon and is less concentrated, so need to take 100 mcg of Epithalon instead of 10 mg of Epithalamin
‚Ä¢ Similar translation issue exists for Thymogen and Thymalin
‚Ä¢ Long-term results, but they may start showing up after the course is already done","‚Ä¢ Diarrhea
‚Ä¢ Difficulty sleeping
‚Ä¢ Fatigue
‚Ä¢ Flu-like symptoms
‚Ä¢ Headache
‚Ä¢ Irregular heartbeat
‚Ä¢ Joint pain
‚Ä¢ Nausea"
Frag 176-191,"Weight Loss, Bones, Sleep","‚Ä¢ Induces fat breakdown 
‚Ä¢ Prevents new fat growth
‚Ä¢ Does not affect glucose levels
‚Ä¢ Helps to strengthen bones
‚Ä¢ Can improve sleep patterns
‚Ä¢ Lowering blood sugar levels","SQ: 
‚Ä¢ 500 mcg first thing every morning, then wait an hour before food (World of Peptides)",MOTS-C,AOD-9604,Unknown in human use,"LINK
Real Frag is always cloudy
‚Ä¢ HGH Fragment 176-191 peptide is a modified form of amino acids 176-191 of the human Growth 
‚Ä¢ Hormone (GH) Polypeptide
‚Ä¢ Modified version of Frag 176-191 is AOD-9604","‚Ä¢ ISR
‚Ä¢ Sleepiness or lethargic feeling"
GHK-Cu,"Longevity, Immune system","‚Ä¢ Enhances skin elasticity
‚Ä¢ Reduces fine lines and wrinkles
‚Ä¢ Reverses thinning of aging skin
‚Ä¢ Prevents aging through its antioxidant effects 
‚Ä¢ Accelerates wound healing 
‚Ä¢ Improves lung health 
‚Ä¢ Fights hair loss 
‚Ä¢ Accelerates nerve regeneration 
‚Ä¢ Fights anxiety 
‚Ä¢ Combats cognitive dysfunction 
‚Ä¢ Fights Inflammation ","SQ: 
‚Ä¢ 1-2 mg daily for 6 weeks, can be split in half for morning/day. Follow by at least 4 weeks off. Can repeat the cycle 3-4 times a year (Dr.Seeds)

Topical: 
‚Ä¢ 1-2 pumps daily for 30 days (5% concentration) (Tailor Made Compounding Catalog)","BPC-157, Snap-8",,,"LINK
","‚Ä¢ Copper allergy (careful!)
‚Ä¢ If anything more than mild local ISR - discontinue the use of the peptide
‚Ä¢ Dizziness
‚Ä¢ Fatigue
‚Ä¢ Headache
‚Ä¢ Increased appetite
‚Ä¢ Increased blood pressure
‚Ä¢ Nausea
‚Ä¢ Sun sensitivity
‚Ä¢ The lunula of the nail can turn blue (will revert to normal in a few weeks)"
Humanin,"Longevity, Immune system, Cognitive function, Mitochondrial","‚Ä¢ Protects mitochondria from oxidative stress
‚Ä¢ Used in treatment of bone¬†osteoporosis, cardiovascular diseases, diabetes mellitus, and¬†neurodegenerative diseases
‚Ä¢ May able to protect against the development of kidney disease and organ (including eyes) inflammation
‚Ä¢ Can improve longevity","Treatment length: 30 days
SQ:
‚Ä¢ 1 mg daily 
Note: The protocol is not clearly established yet. This one is frequently mentioned on Peppy‚Äôs, Discord servers.","MOTS-C, SS-31",,30 minutes,"LINK
‚Ä¢ Also known as Humanin - HN
‚Ä¢ There is a modified/concentrated version Humanin G (HN-G). The protocol is in mcg, but not clearly established
‚Ä¢ Can stack with MOTS-C after SS-31",
Ibutamoren (MK-677),"Energy, Muscles, Sleep","‚Ä¢ Increase lean muscle mass
‚Ä¢ Increased metabolism
‚Ä¢ Decreased body fat
‚Ä¢ Improved energy
‚Ä¢ Cognitive performance
‚Ä¢ Increased endurance
‚Ä¢ Increased IGF-1
‚Ä¢ Supports joint health","Treatment length: 4-6 weeks with at least 4-6 weeks off in-between
Oral:
‚Ä¢ Males: 25 mg  daily before bedtime on an empty stomach 
‚Ä¢ Females: 12.5 mg daily before bedtime on an empty stomach  (Peptide Therapy, Tailor Made Compounding Catalog, Metabolic Optimization Guide)
","Sermorelin, CJC 1295, Ipamorelin",,24 hours,"LINK
‚Ä¢ Can make you extremely hungry, so better to eat protein ","‚Ä¢ Increased appetite
‚Ä¢ Headaches
‚Ä¢ Increased blood sugar levels
‚Ä¢ Increased insulin levels
‚Ä¢ Increased levels of the stress hormone cortisol
‚Ä¢ Sleepiness
‚Ä¢ Mild lower extremity edema
‚Ä¢ Muscle pain"
Ipamorelin,"Sleep, Muscles, Weight Loss, Immune system, Longevity","‚Ä¢ Increased cellular repair and regeneration
‚Ä¢ collagen production
‚Ä¢ Improve lean muscle mass
‚Ä¢ Decrease body fat
‚Ä¢ Improve sleep
‚Ä¢ Improve bone density
‚Ä¢ Anti-aging and improve overall well-being","Treatment length: no longer than 8 weeks, with equal time off
SQ:
‚Ä¢ 200 mcg nightly (5 nights on, 2 nights off) (Tailor Made Compounding Catalog)
‚Ä¢ 200-300 mcg one to three times a day (Jay Campbell) 
Start at a lower dose due to possible allergic reaction. Inject SLOWLY

Ipamorelin is often stacked with CJC-1295 no DAC:
SQ:
‚Ä¢ 200mcg/200mcg nightly (5 nights on, 2 nights off) (Tailor Made Compounding Catalog)
Wait 2-3 hours after eating, and don‚Äôt eat for another 30 minutes after injection","CJC-1295, Ibutamoren (MK-677), Tesamorelin",,2 hours,"LINK
‚Ä¢ Human growth hormone releasing peptide (GHRP)
‚Ä¢ GHRP should be paired with CHRH (e.g., Tesamorelin or CJC-1295), as it increases the GHRP effect and you can use a lower dose","‚Ä¢ Facial flushing
‚Ä¢ Feeling warm
‚Ä¢ Tachycardia (rare, usually short-lived 5 minutes)
‚Ä¢ ISR
‚Ä¢ Headaches
‚Ä¢ Muscle pain
‚Ä¢ Water retention"
KPV,"Healing, Skin","‚Ä¢ Anti-inflammatory, metaflammation
‚Ä¢ Immune modulation
‚Ä¢ Gastrointestinal repair: IBS, ulcerative colitis, intestinal damage, colon cancer
‚Ä¢ Wound healing
‚Ä¢ Injury healing
‚Ä¢ Skin appearance (repairs skin barrier proteins)
‚Ä¢ Helps with psoriasis and eczema","Oral:
‚Ä¢ 500 mcg capsule twice a day (Metabolic Optimization Guide)
SQ:
‚Ä¢ 200-400 daily (World of Peptides)

Topical:
‚Ä¢ KPV (2 mg/g) + D3 (1000 iu/g) topical cream (30 ml TopiClick): 0.5 ml applied to area twice daily",,,,LINK,"‚Ä¢ Diarrhea
‚Ä¢ Headache
‚Ä¢ Nausea
‚Ä¢ Vomiting"
LL-37,"Immune system, Healing, Bones","‚Ä¢ Significantly boosts immune function
‚Ä¢ Fights inflammation and infection
‚Ä¢ Prevents cancer progression
‚Ä¢ Accelerates wound healing
‚Ä¢ Immune support
‚Ä¢ Lowers the risk of heart disease 
‚Ä¢ Prevents lung injury 
‚Ä¢ Promotes bone repair ","Treatment length: 4 weeks
Be careful with the dose, only use if there is an inflammation. Better do even lower dose if needed.
‚Ä¢ 50-100 mcg daily (Reddit)",,,,"LINK
","‚Ä¢ Increased inflammation
‚Ä¢ Induction of autoimmune disease
‚Ä¢ Depression
‚Ä¢ Damage to sperm surface membranes
‚Ä¢ Atopic dermatitis and psoriasis"
Matrixyl,Skin,"‚Ä¢ Improves appearance of fine lines and wrinkles
‚Ä¢ Improves skin texture
‚Ä¢ Increases skin firmness","Topical:
‚Ä¢ Used in creams and serums with concentrations ranging from 2% to 8% (3% being optimal)","Palmitoyl Tetrapeptide 7, Snap-8",,,LINK,
Melanotan 1,"Cognitive function, Immune system","‚Ä¢ Treats various skin disorders (treatment of light-related skin conditions and prevention of skin cancer)
‚Ä¢ Prevents heart disease
‚Ä¢ Fights inflammation
‚Ä¢ Lowers blood pressure
‚Ä¢ Improves cognitive function
‚Ä¢ Promotes recovery following a stroke
‚Ä¢ Promotes fat loss ","SQ:
‚Ä¢ For immunity: 200 mcg daily for 6-8 weeks (Dr. Seeds)
‚Ä¢ For tanning: 200 mcg once a week, followed by 100 mcg twice a week for stabilization (Dr. Seeds)",,,,LINK,"‚Ä¢ Facial flushing
‚Ä¢ Gastrointestinal upset
‚Ä¢ Increased moles and freckles
‚Ä¢ Loss of appetite
‚Ä¢ Nausea
‚Ä¢ Tiredness
‚Ä¢ Unwanted tanning
‚Ä¢ Vomiting"
MOTS-C,"Mitochondrial, Energy, Weight Loss, Longevity","‚Ä¢ Significantly decreases the fat accumulation in the liver
‚Ä¢ Improves cardiovascular health
‚Ä¢ Fights bone loss 
‚Ä¢ Increases life expectancy
‚Ä¢ Fights bacterial infection 
‚Ä¢ Delays the progression of atherosclerosis,
Alzheimer‚Äôs and chemotherapy-induced side-effects
‚Ä¢ Supports glucose/insulin regulation
‚Ä¢ Weight management by increasing energy expenditure
‚Ä¢ Improves exercise tolerance
‚Ä¢ Prevents macular eye degeneration
","Treatment length: 4-6 weeks
SQ:
‚Ä¢ 5 mg three times a week for 4-6 weeks, followed by 5 mg once a week for 4 weeks. Can repeat this cycle 3-4 times a year (Dr.Seeds)
‚Ä¢ 5 mg three times a week for 4-6 weeks (Metabolic Optimization Guide)
‚Ä¢ 10 mg once a week up to 10 weeks in a row every year (Tailor Made Compounding Catalog, Ben Greenfield‚Äôs ‚ÄúBoundless‚Äù)
‚Ä¢ 10 mg once a week for 4 weeks, followed by another cycle within 12-months (Dr. Rob Kominisrek)","Frag 176-292, Humanin, SS-31, Tesofensine",,,"LINK
‚Ä¢ Cycle after SS-31","‚Ä¢ Fluid retention
‚Ä¢ High blood sugar
‚Ä¢ Stomach upset"
NAD+,"Longevity, Immune system, Cognitive function, Weight Loss, Muscles","‚Ä¢ Produces anti-aging benefits
‚Ä¢ Increases energy levels
‚Ä¢ Weight loss
‚Ä¢ Increases muscle mass and strength
‚Ä¢ Improves cognitive function
‚Ä¢ Improves cardiovascular, liver, kidney health
‚Ä¢ Lowers blood pressure
‚Ä¢ Boosts immune function",SQ:,5-amino-1MQ,,,"LINK
‚Ä¢ Nicotinamide Adenine Dinucleotide","‚Ä¢ Decreased blood levels of phosphorus
‚Ä¢ Decreased insulin sensitivity
‚Ä¢ Decreased platelets
‚Ä¢ Dizziness
‚Ä¢ Frontal dull headaches
‚Ä¢ Nausea"
PE 22-28,Mood,‚Ä¢ Similar to antidepressant,"Intranasal:
‚Ä¢ 400 mcg daily in the morning (Jay Campbell)",,,,,
Selank,"Cognitive function, Immune system","‚Ä¢ Anti-anxiety
‚Ä¢ Improves cognitive function
‚Ä¢ Boosts immune function
‚Ä¢ Treats alcohol withdrawal symptoms
‚Ä¢ Improves liver health ","Intranasal:
‚Ä¢ 750-1000 mcg daily in the morning(Dr. Seeds)

SQ: 
‚Ä¢ 100-300 mcg daily in the morning (Dr. Seeds)","Dihexa, Semax",,,"LINK
‚Ä¢ Can be used as an antidepressant, anxiolytic, generalized anxiety disorder (GAD) treatment","‚Ä¢ Dizziness
‚Ä¢ Fatigue
‚Ä¢ Hair loss
‚Ä¢ Headaches
‚Ä¢ Nasal irritations
‚Ä¢ Nausea
‚Ä¢ Sore throat"
Semax,"Cognitive function, Mood","‚Ä¢ Improves heart health
‚Ä¢ Boosts immunity 
‚Ä¢ Accelerates wound healing 
‚Ä¢ Improves brain health and performance (memory, attention and learning capacity)
‚Ä¢ Lowers the risk of stroke 
‚Ä¢ Improves mood ","Intranasal:
‚Ä¢ 750-1000 mcg daily in the morning(Dr. Seeds)

SQ: 
‚Ä¢ 100-300 mcg daily in the morning (Dr. Seeds)","Dihexa, Selank",,,"LINK
‚Ä¢ Nootropic peptide","‚Ä¢ Higher doses can lead to desensitization
‚Ä¢ Hair loss
‚Ä¢ Discoloration of the nasal cavity
‚Ä¢ Increase in blood sugar levels of diabetic patients"
Sermorelin,"Longevity, Weight Loss, Muscles, Cognitive function","‚Ä¢ Reduced body fat
‚Ä¢ Increased energy and vitality
‚Ä¢ Improved mental sharpness
‚Ä¢ Increased strength and lean muscle mass","SQ: 
‚Ä¢ 300-500 mcg nightly for 30 days (Peptide Therapy), or up to 6 months (World of Peptides)",Ibutamoren (MK-677),CJC-1295,6 minutes,"LINK
‚Ä¢ Also known as GRF 1-29 (‚ÄúOld‚Äù CJC-1295)",
Snap-8,Skin,"‚Ä¢ Reduce deep wrinkles and fine lines
‚Ä¢ Improve skin elasticity","Topical:
‚Ä¢ Reconstitute 10 mg Snap-8 with 1 ml BAC water
‚Ä¢ Let it sit for 20+ minutes
‚Ä¢ Add to the 30 ml of rich serum or cream (see Notes column for examples)
‚Ä¢ Apply to the area of the skin where wrinkles are present, such as the forehead, around the eyes, and the mouth
‚Ä¢ Usually applied once or twice daily. Specific instructions vary depending on the product used","HA, Matrixyl, GHK-CU, Ceramides, Vitamin E, Vitamin B, Argireline","High PH, AHA, Vitamin C, Retinol, Vitamin A",,"LINK
Can add to: 
‚Ä¢ Ordinary Buffet
‚Ä¢ Ordinary Agirilene
‚Ä¢ Olay Regenerist Night Recovery Cream
‚Ä¢ ELF Holy Hydration
‚Ä¢ CeraVe Skin Renewing Night Cream
‚Ä¢ Cetaphil Deep Hydration
‚Ä¢ Neutrogena Hydroboost",
SS-31,"Mitochondrial, Healing, Focus, Longevity","‚Ä¢ Repair cells
‚Ä¢ Macular degeneration
‚Ä¢ Muscle weakness
‚Ä¢ Energy
‚Ä¢ Cognitive function
‚Ä¢ Improves cardiovascular health
‚Ä¢ Prevents kidney injury
‚Ä¢ Treats lung injury","SQ: 
‚Ä¢ 4 mg daily for 10-20 days
‚Ä¢ 2 mg on the first day, then 4 mg daily for 12 days (for 50 mg total) (Reddit)","Humanin, MOTS-C, Tesofensine",,,"LINK
‚Ä¢ AKA Elampretide
‚Ä¢ Good to follow with MOTS-C after SS-31",
TB-500,"Healing, Longevity","‚Ä¢ Healing and tissue repair
‚Ä¢ Muscle atrophy treatment
‚Ä¢ Cardiovascular disease treatment
‚Ä¢ Provides pain relief
‚Ä¢ Possesses strong anti-inflammatory properties
‚Ä¢ Reducing consequences of aging and viral infection","SQ: 
‚Ä¢ 750 mcg daily for 20 days (Tailor Made Compounding Catalog)
‚Ä¢ 1 mg twice a week (World of Peptides)
‚Ä¢ 300 mcg to 1 mg daily for no longer than 3 months, followed by 1 month off (Dr. Seeds)
‚Ä¢ 450 mcg daily for 30 days (Peptide Dosing Guide)
‚Ä¢ 2.0-2.5 mg every other day (Jay Campbell)","BPC-157, Thymosin Alpha-1",,1-2 days,"LINK
‚Ä¢  Frag 17-23
‚Ä¢ TB-500 is the active region of Thymosin Beta-4, but some call TB-500 Thymosin Beta-4 as well",
Tesamorelin,"Weight Loss, Bones, Muscles, Focus, Sleep","‚Ä¢ Reduce triglycerides, liver and visceral fat
‚Ä¢ Decrease middle fat
‚Ä¢ Improve bone mineral density
‚Ä¢ Supports muscle metabolism
‚Ä¢ Benefits cardiovascular health
‚Ä¢ Can improve cognitive function
‚Ä¢ Depending on the needs, may be better than CJC-1295","Treatment length: No longer than 60 days followed by equal time off
Wait 2-3 hours after eating, and don‚Äôt eat for another 30 minutes after injection
SQ: 
‚Ä¢ 1 mg 5-6 days a week before bed (Tailor Made Compounding Catalog)
‚Ä¢ 1 mg daily (Dr. Seeds)
‚Ä¢ 1 mg in the morning (fasted) and 1 mg at bedtime (at least 90 minutes after last meal) (Jay Campbell)
‚Ä¢ 2 mg daily (Studies)
‚Ä¢ 200 mcg at bedtime for cognition, 5 days on, 2 days off for 20 weeks

Tesamorelin is often stacked with Ipamorelin:
SQ:
‚Ä¢ 1 mg tesamorelin right before bed (at least 90 mnutes after food) and 200 mcg ipamorelin in the morning (Jay Campbell)",Ipamorelin,CJC-1295,30 minutes,"LINK
‚Ä¢ Human growth hormone-releasing hormone (GHRH). GHRH should be paired with CHRP, as it increases the GHRP effect and you can use a lower dose
‚Ä¢ Brand name - EGRIFTA
‚Ä¢ Developed to treat HIV lipodystrophy","‚Ä¢ ISR
‚Ä¢ Difficulty breathing
‚Ä¢ Dizziness
‚Ä¢ Elevations in blood sugar levels
‚Ä¢ Fast heartbeat
‚Ä¢ Hives
‚Ä¢ Joint pain
‚Ä¢ Night sweats
‚Ä¢ Numbness
‚Ä¢ Rash
‚Ä¢ Vomiting"
Tesofensine,"Focus, Weight Loss, Energy","‚Ä¢ Appetite suppressant
‚Ä¢ Decreases triglycerides
‚Ä¢ Increased basal metabolic rate (BMR
‚Ä¢ Sustained weight loss (i.e., fat tissue loss, waist
reduction)
‚Ä¢ Improves cognitive health 
‚Ä¢ Improves mood
‚Ä¢ Increases energy levels","Oral: 
500 mcg daily in the early morning (Tailor Made Compounding Catalog, Jay Campbell)
(some start at a smaller dose)","MOTS-C, SS-31",,,"LINK
‚Ä¢ Some use with Tirzepatide/Semaglutide/Retatrutide or during the breaks, while on maintenance
‚Ä¢ Doesn‚Äôt seem to have any withdrawal effects","‚Ä¢ Constipation
‚Ä¢ Diarrhea
‚Ä¢ Dry mouth
‚Ä¢ Headache
‚Ä¢ Changes in blood pressure (increase blood pressure)
‚Ä¢ Increased heart rate
‚Ä¢ Insomnia
‚Ä¢ Nausea"
Thymalin/Thimogen,"Longevity, Immune system","‚Ä¢ Treatment of immune disorders
‚Ä¢ An anti-aging agent
‚Ä¢ Improves respiratory and cardiovascular health
‚Ä¢ Enhanced anti-inflammatory properties
‚Ä¢ Potential anti-tumor activity","Treatment length: no longer if 10 days if taken daily, no longer than 10 weeks if taken weekly. Preferably no more than 100 mg in a cycle. Can do two cycles a year.
Note: Thymalin is an extract of Thymogen. 10 mg of Thymalin = 100 mcg of Thymogen.
30 min before Thymalin take 30 mg of zinc

IM (some do SQ):
‚Ä¢ For treating immune disorders: 5-20 mg daily for 3-10 days (manufacturer‚Äôs instructions)
‚Ä¢ For anti-aging effects: 2-5 mg daily (World of Peptides)
‚Ä¢ For anti-aging effects: 5-10 mg daily (manufacturer‚Äôs instructions, Jay Campbell)
‚Ä¢ For anti-aging effects:10 mg once or twice a week (Reddit)

Thymalin is often stacked with Epithalon:
IM (some do SQ):
‚Ä¢ 5 mg thymalin and 5 mg epithalamin daily for 20 days, repeating every 6 months (Jay Campbell)","Epitalon (Epithalon, Epithalamin)",,,"LINK
‚Ä¢ Thymalin is an extract of Thymogen and is more concentrated, so need to take 100 mcg of Thymogen instead of 10 mg Thymalin
‚Ä¢ Similar to Epithalamin vs Epitalon",
Thymosin Alpha-1,Immune system,"‚Ä¢ Eradicates bacteria, viruses, and fungi
‚Ä¢ Boosts immune system
‚Ä¢ Suppresses cancer and tumor growth
‚Ä¢ Accelerates the wound healing process 
‚Ä¢ Fights inflammation 
‚Ä¢ Increases vaccine effectiveness ","SQ: 
‚Ä¢ 450 mcg daily for 30 days (Peptide Dosing Guide)
‚Ä¢ 90 mcg daily for 1 month (for a total of 5 mg) (Tailor Made Compounding Catalog)
‚Ä¢ 1.5 mg every third day for two weeks for viral infection or up to three months for HIV, cancer, Hepatitis B/C, or complicated immune suppression (Dr. Seeds)","Thymosin Beta-4, TB-500",,2 hours,"LINK
‚Ä¢ FDA approved
‚Ä¢ Some physicians are using thymosin for chronic fatigue, Lyme disease, autoimmune function","‚Ä¢ Fatigue
‚Ä¢ Fever
‚Ä¢ Low white blood cells
‚Ä¢ Muscle aches
‚Ä¢ Nausea
‚Ä¢ Vomiting"
Thymosin Beta-4,"Immune system, Healing, Cognitive function","‚Ä¢ Boosts the immune system
‚Ä¢ Wound healing
‚Ä¢ Tissue repair
‚Ä¢ Reduce inflammation
‚Ä¢ Enhance collagen deposition
‚Ä¢ Improves heart health
‚Ä¢ Improves liver health 
‚Ä¢ Improves eye health 
‚Ä¢ Promotes nerve regeneration 
‚Ä¢ Improves brain health 
‚Ä¢ Increases flexibility",,"Thymosin Alpha-1, BPC-157",,,"LINK
‚Ä¢ TB-500 is the active region of Thymosin Beta-4
‚Ä¢ Currently being trialed as a potential therapy for HIV, AIDS, and Influenza
‚Ä¢ Often prescribed for acute injury, surgical repair and for senior athletes","‚Ä¢ Dizziness
‚Ä¢ Headache
‚Ä¢ Lethargy
‚Ä¢ Nausea
‚Ä¢ Tiredness"